random01@dominio.com,random01
random02@dominio.com,random02
random03@dominio.com,random03
random04@dominio.com,random04
random05@dominio.com,random05
random06@dominio.com,random06
random07@dominio.com,random07
random08@dominio.com,random08
random09@dominio.com,random09
random10@dominio.com,random10
random11@dominio.com,random11
random12@dominio.com,random12
random13@dominio.com,random13
random14@dominio.com,random14
random15@dominio.com,random15
random16@dominio.com,random16
random17@dominio.com,random17
random18@dominio.com,random18
random19@dominio.com,random19
random20@dominio.com,random20